yearCE,Al (ug/L),As (ng/L),Ba (ng/L),Bi (ng/L),Ca (ug/L),Cd (ng/L),Ce (ng/L),Co (ng/L),Cr (ng/L),Cs (ng/L),Cu (ng/L),Fe (ug/L),K (ug/L),La (ng/L),Li (ng/L),Mg (ug/L),Mn (ng/L),Na (ug/L),Pb (ng/L),Pr (ng/L),S (ug/L),Si (u/g/L),Sr (ng/L),Ti (ng/L),U (pg/L),V (ng/L),depth (m abs),depth (m we) 
2009.0,15.287781818181816,13.317402272727271,1035.812085,2.2907704545454544,383.70393999999993,15.542213636363636,59.65290454545454,34.092271818181814,38.57450045454546,2.9795213636363638,348.86463954545457,6.3443499999999995,15.537691363636362,29.059730909090913,35.66347454545455,26.475874545454552,2031.6470031818178,25.87301318181818,204.81883681818184,7.978453181818182,217.86966863636368,20.69220954545455,1318.1344645454546,178.57919863636363,1570.5565540909085,151.21956318181816,5.445762237727273,2.1956576485454544
1999.0,32.975613882352945,22.563948235294117,938.0389890588237,4.41479682352941,280.08128999999997,13.100012588235295,75.38181929411765,38.40277141176471,63.25721882352942,4.8765339999999995,305.49726200000015,17.118629999999992,20.61310870588235,33.13032576470588,47.77888517647058,35.84293494117647,1690.5368434117647,33.02628058823529,293.9675783529413,9.87871717647059,168.99663976470592,46.64495905882352,1229.980570352941,506.1341797647059,3359.4699681176467,151.45966058823527,9.003366666705881,4.022515686317648
1989.0,27.533107799999993,34.53435679999999,854.9484092000001,7.451613799999998,360.1932256000002,29.219083599999994,63.41953740000001,36.42687020000001,79.01964780000002,9.600847599999998,517.13352,15.608020199999997,131.26362800000007,28.040095,50.09253339999999,41.29303779999999,1385.617976,409.74983060000005,527.042502,8.387846,210.983295,34.15065460000001,1628.542761400001,464.88663640000004,2697.0183934000006,139.73511840000003,12.847490000000002,6.18799849784
1979.0,59.952506250000006,50.03604138888889,1431.1643655555554,2.689888333333334,368.98875736111097,28.72631125,126.4324373611111,57.24981,115.8736901388889,6.723317499999998,354.70889944444434,37.104002083333334,30.72761541666667,53.02882208333335,90.86244847222221,56.096026249999994,2989.5821113888883,48.35824152777779,1648.0944426388892,16.905254999999993,290.7448443055555,75.58116003749998,1749.7182113888887,545.1049977777778,4188.127217361111,295.5507790277777,16.533738425,8.453169496486112
1969.0,22.230869787234052,117.57865808510637,799.3520285106382,7.029731063829787,171.36110021276596,77.84152085106382,55.896800851063844,34.875150638297875,105.23448808510635,8.173870212765953,470.7657712765958,17.12481489361702,20.105098723404257,25.59661361702128,46.664544893617,28.1993485106383,2138.456980851064,31.48898085106384,3888.121749148937,6.979200425531915,448.438824893617,16.266555106382977,801.5894836170213,382.7714314893616,2513.36272,294.56569297872346,19.27911854255319,10.199537038212764
1959.0,17.605357777777776,127.06058500000002,745.8756433333334,10.150632222222221,186.54210305555554,60.18622222222223,38.39669555555555,28.99026583333333,89.30851472222224,9.226759722222221,401.5956130555554,12.35809611111111,41.27946638888888,18.440476666666665,58.07836222222222,28.076891944444448,2797.884861666668,68.60744444444445,2220.1380533333336,5.020374444444445,243.42335972222224,15.368049166666667,824.3119186111112,345.9821833333333,1562.0097994444445,118.80783416666668,22.018407886111113,11.962550453333332
1949.0,19.116048970588235,85.49430838235295,529.2671576470589,5.301236764705885,180.6855786764706,49.40783735294118,37.66265088235295,26.118747941176462,69.45538191176473,6.106207205882354,226.346724117647,13.422652647058825,20.468868529411765,17.819851323529413,47.3115455882353,28.798947058823522,2105.7574575,31.612983970588235,796.9161713235294,5.023560882352942,137.88277617647054,23.053175441176464,836.9369088235297,378.06046073529404,2103.603014558824,65.08369044117647,24.809536939705882,13.864674546029406
1939.0,38.26868519999999,121.46130453333333,1034.7160993333332,5.822908133333333,427.87258173333345,29.20194559999999,96.99468853333337,48.49611826666666,285.0028617333334,9.384039733333333,416.5055063999999,30.906203199999993,58.164062933333334,48.242430399999996,115.84443026666665,70.08978186666661,2752.089054399999,103.36867653333339,633.0414471999999,11.663919866666673,156.72190066666673,86.21676160000001,1835.6267762666669,906.8220930666663,2203.6285437333327,118.02775893333336,28.109983333333336,16.230174831333347
1929.0,18.22365956521739,104.3882810869565,418.1482997826087,6.117063260869564,199.0579047826087,24.15187260869565,39.81984173913043,21.260499782608697,54.85603326086958,4.690936304347828,220.13316521739125,11.03808065217391,34.96634869565217,17.96698326086956,39.671481086956526,26.56675565217391,1099.7681380434783,141.9763845652174,552.4618104347825,5.10087347826087,93.57709413043476,24.887966304347827,737.0250091304346,307.28725478260867,1263.5868443478264,38.064733043478256,30.77542391304348,18.211392823260873
1919.0,18.278050263157898,115.27804684210528,930.3816384210527,6.79289052631579,337.9367486842106,23.4231,40.65301236842104,23.194802631578952,57.52574736842107,10.272133157894736,424.9658386842105,11.796810789473687,128.9853931578947,18.427797631578947,48.8133797368421,39.57624184210527,1118.0134873684212,523.2394986842105,722.0778663157895,5.270789473684211,138.65176763157896,24.845953157894737,1823.0137505263158,327.3392028947369,1334.6360923684208,42.55040447368422,32.58754083157895,19.588235061842102
1909.0,6.4986285294117625,42.371248529411766,215.21566323529416,4.411124999999999,71.26981176470586,12.382916764705882,11.614020294117646,12.891395000000003,14.332248529411764,1.9108752941176472,107.5082188235294,2.7888702941176473,10.99888911764706,4.962693529411767,17.308223529411766,16.640144117647058,542.9227341176471,26.249938529411764,407.48225029411753,1.5003188235294118,52.59217705882353,7.638780882352942,375.4306626470588,69.28389205882353,676.6072482352944,11.155077352941177,34.129345235294124,20.79547397852941
1899.0,16.126150666666668,105.83457166666668,472.36238833333334,2.264412333333334,112.36935800000002,15.366456000000003,28.792491666666663,18.063939,40.333940000000005,2.57308,189.65899699999997,8.96095,14.075547000000002,12.355041666666661,27.628169000000003,24.020494,847.8927293333334,35.51224233333334,536.3562919999999,3.8610229999999985,58.160006,18.24755644433333,613.1924109999999,168.09308666666664,1351.7600993333335,30.91517,35.497625000000006,21.883402542000002
1889.0,21.538371785714286,49.120384642857154,390.2970471428572,2.861535714285714,131.90365928571427,6.775967142857145,39.90056678571428,20.194420714285716,27.473814285714276,3.271833928571429,72.03798642857143,11.333011785714287,12.121403214285715,17.22305607142857,36.13553428571428,33.97987607142856,929.5856310714288,28.505261785714286,279.8072707142857,5.263079642857142,60.59596642857144,24.82994857142857,676.284532857143,302.05185178571435,1023.0736846428572,34.733757857142855,36.684114582142854,22.856057750357138
1879.0,13.961948333333337,36.241823333333336,417.30245958333336,33.2109125,185.02694833333337,11.408376666666669,14.716254583333333,13.508884166666663,48.18970875000002,6.009222083333333,284.07728249999997,4.332624583333334,106.70820333333336,6.537981249999999,36.251119583333335,29.528525416666668,621.933535,264.54529749999995,265.7658579166666,1.8445662499999997,47.84141333333334,14.374550833333332,849.9464670833332,156.37662958333337,1497.358317916667,19.358130416666665,37.738100466666666,23.724151949999992
1869.0,14.835180000000001,41.29340354838709,385.32619548387095,5.9034367741935485,106.07125258064515,8.00664870967742,16.54072580645162,13.172454838709676,55.09210516129033,4.473944838709679,239.6001441935484,4.2875383870967765,47.789747096774185,6.993526774193549,23.483969032258067,25.048353225806448,602.5126900000001,89.13221451612903,326.09450258064516,2.0696474193548386,36.96803419354839,14.144714193548387,594.7687709677418,144.48875967741938,921.2609193548386,15.577461935483873,38.817292051612924,24.622709499354837
1859.0,23.406100000000006,50.5077657142857,681.0778589285716,11.806127142857145,238.2401228571429,12.924663214285713,35.98027964285715,27.817671428571433,61.57147749999999,5.536274285714287,522.9222382142857,10.294724285714283,110.95749714285715,15.829947857142855,44.51711107142858,38.28719250000001,1025.629567142857,159.45449857142862,365.6643428571429,4.816763214285714,61.42557607142857,22.60382428571429,978.6090185714282,323.45018250000004,1558.7379889285714,35.1593975,39.96878121785715,25.608064435000006
1849.0,20.56344952380952,30.445190952380955,412.2004128571428,2.9038804761904764,129.09643476190476,5.269165238095238,30.559723333333338,17.074113809523812,28.63372238095238,2.7486433333333333,256.5858533333334,8.388518571428571,21.40809285714286,13.628391904761903,26.131364761904756,33.52731476190476,929.6779866666666,46.19915333333332,389.0806490476191,4.078345714285714,41.04559809523809,22.646630476190477,697.4262033333333,245.37443952380957,1056.6826285714287,29.39407047619048,40.85340503333333,26.365396446190474
1839.0,17.665328499999998,14.018294000000003,403.62287000000003,36.8088215,104.6185505,6.532565,19.873269999999998,13.1666135,27.1183025,1.546443,179.383279,5.0292225,57.140652,8.9357355,22.7199195,29.666907999999996,664.3287975000001,75.078134,323.9816585,2.593003,35.513487000000005,16.408754,596.9035025,144.80333149999998,955.4206465,21.119887,41.584770625000004,26.987922516999998
1829.0,28.111822999999998,21.745737000000002,863.1397030000002,70.504822,377.44719100000003,7.5144649999999995,36.94924999999999,21.977029,53.909800999999995,4.261152999999999,610.0682159999999,6.324859,369.54568500000005,16.610203,33.123331,63.842552999999995,1224.4688279999998,678.80981,397.792709,5.066898,98.94121399999999,11.643948000000002,2262.323138,130.974566,2193.279549,38.65115,42.1261,27.460304818999997
1819.0,15.431228666666668,10.045060000000001,208.216774,43.88872733333333,75.51088333333335,3.035604666666667,11.589960666666665,7.951042666666667,15.26204866666667,0.5505353333333333,248.80091733333336,2.261186666666667,30.748455333333343,9.754545333333333,21.418855999999995,27.146690666666668,545.3410739999999,35.56444066666666,143.79584000000003,1.5999579999999998,15.025111333333337,7.7820979999999995,423.1511600000001,65.24143533333334,718.0822266666667,12.031568,42.54199714,27.82195784266667
1809.0,12.609715555555555,10.449097777777778,158.54595777777777,23.273836666666668,50.4729011111111,1.99218,10.50134111111111,9.211232222222224,5.470251111111112,0.5707744444444445,30.164207777777776,1.8871477777777779,4.725478888888889,4.360816666666667,6.455621111111111,22.512726666666666,296.11497444444444,14.094363333333334,256.9450933333333,1.5218077777777776,17.649855555555558,6.897716666666667,277.44869111111115,110.14049333333332,1027.7450366666665,8.693177777777777,42.93857143333334,28.15961464
1799.0,23.182800000000004,10.944123,230.38053,38.870301000000005,92.81647099999999,5.116681999999999,9.069106,6.599304999999998,7.313862,0.46908400000000006,51.044212,2.72546,6.529635999999999,4.220646,11.665307,24.607188,416.53399100000007,21.569682000000004,245.584206,1.352476,34.29686,6.184258000000001,577.567288,47.751356,674.310409,9.869345999999998,43.26308334000001,28.435465646
1789.0,31.30803916666667,13.850929166666665,824.505815,30.832314999999998,364.89621416666665,5.652080000000001,60.78987,23.18610083333333,30.757528333333337,2.4930491666666668,149.05200750000003,8.933675,62.49533583333335,27.684725000000004,34.18388916666667,48.874807499999996,1145.4003283333332,94.08801166666667,150.19311083333338,8.540830000000001,56.10595583333333,16.97257,1895.7396824999996,189.44936916666663,2722.402565833333,59.468474166666674,43.67519675833333,28.796090470833335
1779.0,53.16627428571428,15.294822857142858,1464.4639485714288,12.13193142857143,653.10364,7.098495714285714,91.90012571428572,39.014961428571425,87.63047857142855,8.224865714285714,473.8264885714285,16.08187142857143,149.8943214285714,41.47669714285714,96.33329428571429,87.16939714285714,2377.036364285715,869.2110142857143,222.16658,13.258765714285714,132.2023442857143,26.42024571428572,3454.4442042857145,392.96741428571426,3937.264241428572,84.20519571428572,44.021111114285716,29.10067631142857
1769.0,20.85833111111111,8.906564444444447,485.60472222222234,45.84187777777778,200.06923111111112,6.469738888888889,23.471855555555557,16.43894777777778,40.53984888888889,1.2177300000000002,1163.8260255555556,3.8284511111111104,90.06495222222222,10.851294444444443,17.24189555555556,36.663355555555555,1980.6399566666669,95.93459000000001,227.78172888888892,3.5248577777777776,29.877927777777774,7.884113333333335,982.0686333333334,134.17992777777778,2079.5316433333337,19.774572222222222,44.29555555555555,29.340995667777786
1759.0,35.722249999999995,15.395556666666666,799.4253783333332,29.097718333333333,251.94750333333334,4.513146666666667,74.85077166666666,23.61039666666667,26.142205000000004,2.0217199999999997,84.62110333333334,12.99295666666667,19.364549999999998,34.26246333333333,24.64417833333333,36.39788166666667,1671.6042299999997,40.777319999999996,308.0199816666667,11.009546666666665,42.063831666666665,18.475643333333334,1257.2896733333332,222.7292633333333,2999.9379933333335,48.40603500000001,44.569242833333334,29.586940338333335
1749.0,13.318420000000003,6.1482019999999995,530.5935430000001,0.6507860000000001,122.822065,1.5245700000000002,37.962066,12.425118999999999,11.591788,2.0394460000000003,38.743174999999994,5.08016,10.456576,18.05081,16.079867,19.244779,855.5428199999999,28.11491,111.67038499999998,5.518776,26.602334000000003,10.466889,644.632242,143.9253,1465.2438809999999,24.74275,44.85516128,29.831290313
1739.0,7.949415555555555,9.313551111111112,408.3586211111111,1.9031511111111108,136.79869333333332,6.902513333333332,19.02364777777778,16.277625555555556,64.34154666666667,1.5385966666666668,357.2020055555556,2.950355555555556,34.75013333333333,8.544461111111112,12.614313333333333,18.001739999999998,747.1040166666667,143.26053888888887,352.3674633333334,2.703793333333333,42.159326666666665,5.200105555555556,532.6938222222221,100.96792555555555,1415.7209566666668,13.326337777777777,45.17387096666667,30.10623656
1729.0,14.600982857142858,12.369567142857145,361.23544142857145,14.428844285714286,107.6694042857143,9.360064285714286,22.165517142857144,12.168255714285717,18.86755571428571,1.1171342857142859,51.932132857142854,2.9987628571428573,16.57642285714286,10.17666857142857,9.795950000000001,28.914377142857145,968.8200885714285,43.06267428571429,265.67277571428576,3.204297142857143,44.66434857142857,6.1027814285714275,512.1941571428571,64.13687285714286,1660.5176799999997,16.08845857142857,45.442258071428576,30.348387102857142
1719.0,28.77535375,11.512736250000001,652.28087375,8.065786249999999,151.75358625,9.51760625,33.618362499999996,24.306751250000005,44.06327249999999,3.9880687500000005,573.2385049999999,6.131528749999999,253.216125,14.455270000000002,30.211022499999995,30.271620000000002,877.24445875,325.78865124999993,426.2843450000001,4.4421662500000005,39.4772975,7.13927875,661.95932875,163.34661125,1699.59438875,18.55755875,45.734375,30.60702035
1709.0,10.503647142857142,11.500364285714287,416.10878428571425,0.8318085714285715,109.81767571428573,3.5070985714285716,23.845681428571428,14.110775714285714,10.464141428571427,1.7558842857142856,56.31466428571429,5.270510000000001,11.339839999999999,10.724675714285715,122.16431857142858,19.04191142857143,773.5189657142859,41.246877142857144,350.91665,3.41657,56.84283714285714,8.762335714285715,614.68303,202.43678571428572,1334.2384714285715,17.940145714285713,46.00089285714286,30.836836641428572
1699.0,4.462225714285714,4.517237142857143,143.12141142857143,0.5964828571428571,41.964984285714294,1.5149671428571427,13.501822857142855,9.350774285714285,4.391884285714286,0.5373671428571429,40.52064285714285,1.3773214285714286,9.725744285714287,5.705302857142857,5.15797,8.406027142857143,297.64614857142857,14.311037142857144,106.45178285714285,2.034147142857143,14.150041428571429,5.755971428571429,194.0096942857143,74.3967642857143,869.3255871428571,5.398772857142857,46.24964285714286,31.057575191428572
1689.0,7.657563999999999,5.838343999999999,258.141494,0.8493699999999998,64.15347799999999,1.7890259999999998,17.020538000000002,8.282254,6.281396,0.9263279999999998,34.151602000000004,2.284288,6.841324,7.22825,9.38527,14.696424000000002,530.872752,13.794976,174.616136,2.4071799999999994,18.187318,6.782528000000001,312.445664,60.333858,951.357358,10.991746000000001,46.46285714,31.248345866
1679.0,7.474693333333332,16.494406666666666,373.1312433333333,0.43871,117.35545666666667,4.254829999999999,23.982473333333335,12.894483333333334,13.995859999999999,1.0280633333333336,51.352336666666666,3.428666666666667,11.882563333333332,11.0388,13.364606666666667,17.194433333333336,835.7221833333333,44.56178333333333,281.0955833333333,3.4295566666666666,26.743156666666664,8.49607778,533.7087700000001,53.94713333333334,1151.0108466666668,17.402509999999996,46.62936166666666,31.397429526666667
1669.0,6.44179,5.904895,112.421145,0.267785,26.8371925,1.52018,8.1375,8.01333,9.185785000000001,0.8920049999999999,33.7481275,2.7267975,2.253295,3.5582425,11.4597125,9.691315,244.30326499999998,12.428474999999999,73.50097500000001,1.2416649999999998,7.20443,7.062195,147.30527750000002,41.610989999999994,651.8707899999999,9.680112500000002,46.76793105,31.521815637499998
1659.0,6.536398571428571,9.797751428571429,214.20142142857142,0.3267271428571429,48.024661428571434,4.276898571428572,11.216318571428571,13.571925714285713,16.36170142857143,1.1702285714285716,56.48369857142857,4.220828571428572,4.551795714285714,4.535328571428571,15.282377142857143,10.316724285714285,636.0231371428572,17.495485714285714,93.73880714285714,1.6434542857142858,13.025701428571427,6.824626191428571,283.14789,52.022022857142865,878.0760071428571,13.503994285714287,46.967068999999995,31.700633387142855
1649.0,38.6284925,27.760122499999998,1481.58051,7.695490000000001,256.85246250000006,13.017367499999999,60.8520375,39.49358500000001,150.4458125,5.0686225,1353.0054874999998,26.881122500000004,116.4312375,27.3511425,60.4694925,34.396407499999995,1931.09547,233.55208,884.395175,8.8906825,41.58551,33.365520017499996,1254.21498,299.000615,4772.798915,71.534895,47.166206875,31.8779310175
1639.0,9.290189999999999,7.850835,107.921615,0.2524725,32.83953,1.3549575,19.257425,8.822535,11.849419999999999,1.604425,22.298065,4.30087,3.5391475,9.0625625,7.0024125,9.200545,395.20589249999995,4.4720699999999995,77.3727125,2.7283375,5.48635,9.038162490000001,194.7004475,79.3891375,1692.9946499999999,12.732935,47.31103445,32.004655145
1629.0,31.973300000000005,16.441383333333334,772.6640533333334,0.38465333333333335,208.91416333333333,3.3931400000000003,62.53902666666667,26.930043333333334,60.03423333333333,2.98647,74.87124666666666,18.022003333333334,16.798566666666666,25.317136666666666,42.240226666666665,40.641870000000004,1423.0717166666666,82.15832666666667,129.59477333333334,8.413753333333332,69.86771666666668,35.53430556666666,1436.30922,184.48274333333336,2414.5860433333332,70.99438333333335,47.4377586,32.11553877666666
1619.0,10.92276,9.368495,224.67532500000002,0.26326499999999997,68.10920999999999,3.1045649999999996,18.470405,10.091485,20.027060000000002,1.0436100000000001,77.903195,5.769369999999999,8.308869999999999,6.85557,12.96375,14.58109,471.048,16.197075,68.31963499999999,2.3213749999999997,13.837955000000001,11.369666650000001,444.75313,86.441535,1154.282365,21.374605,47.564482749999996,32.22642241
1609.0,21.55105,10.10721,793.3208,6.926353333333334,312.2362266666667,12.754796666666664,34.64208333333334,21.49645,37.621320000000004,1.6003533333333333,450.35072999999994,7.174143333333333,68.45653666666668,14.617453333333335,33.08945,37.610416666666666,1326.5175866666666,132.63418333333334,151.41445000000002,5.180356666666667,57.03546333333333,11.229263333333334,1518.0989533333334,115.20622333333334,2076.76656,40.62291333333333,47.67793103333333,32.325689653333335
1599.0,19.34233,9.009432499999999,1246.452775,2.2822899999999997,448.6021475,16.358987499999998,35.1416775,24.73386,101.02029250000001,3.7913325,1929.4024600000002,7.97269,1985.8222700000001,17.7929175,572.71433,44.5935725,1111.841175,1551.344835,306.468665,3.8576075000000003,72.8227425,9.20051,1432.1595475,143.512675,2199.9595174999995,28.658465,47.8125,32.4434375
1589.0,14.23592,7.562775,406.8313075,1.1344875,127.58648000000001,1.3206925,29.38244,13.47947,9.32303,1.0469825000000001,49.573409999999996,3.8683125,10.6198525,12.68939,19.9512125,20.3704075,822.8804825,18.9431275,51.7181125,4.08251,27.481159999999996,10.548482499999999,698.0663850000001,83.51494249999999,1285.8329724999999,20.2394175,47.9525,32.565937500000004
1579.0,9.005845,4.848392499999999,157.45565500000004,0.5964400000000001,66.71602750000001,1.79757,10.8818025,5.138275,5.1770375,0.4464475,83.05432,1.0572424999999999,7.511522500000001,4.5069725,5.30444,17.22795,373.57809499999996,38.53748,51.32839,1.5503274999999999,17.4459325,5.936355000000001,332.82663249999996,23.5627725,819.31686,5.970112499999999,48.09250000000001,32.6884375
1569.0,6.9507650000000005,4.5894449999999996,252.66797499999998,1.2195524999999998,81.383425,2.109935,15.2441575,7.979625,13.029255000000001,1.0150375,61.721199999999996,2.88597,5.6744,6.69627,11.7086225,12.659365000000001,407.86295,17.98622,181.24523,2.2300400000000002,32.3179625,7.984382500000001,522.8971075000001,103.18591250000001,936.8403450000001,11.63055,48.2325,32.8118106625
1559.0,14.756032,7.826384000000002,543.124586,0.6749080000000001,116.68983399999999,1.954856,37.009344000000006,13.341064,12.762566000000003,1.07534,46.192804,4.933758,15.158542,16.435527999999998,14.03212,16.82156,953.381298,41.782356,129.13752,5.138342,37.400276,12.518358,765.474106,124.2791,1931.4525440000002,25.592376,48.39,32.955
1549.0,3.89344,4.5498475,116.21533,1.063855,45.67322,1.26676,4.390025,4.8491925,7.299825,0.32159000000000004,149.713125,0.5727000000000001,6.0084975,2.0580775,6.2878975,12.890884999999999,270.84892499999995,23.681735000000003,47.4811125,0.761195,20.78443,8.6953575,230.6740125,11.5274775,604.634535,3.82855,48.5475,33.0982455875
1539.0,3.16189,4.305377999999999,182.94975200000002,0.6021319999999999,41.290984,1.8482480000000003,6.037544,5.906789999999999,3.7899260000000004,0.326062,39.279952,1.5119340000000001,3.191506,2.7196379999999998,6.000626,9.310006000000001,345.774,8.281004,39.788472,0.8626039999999999,27.758502000000004,8.507734,272.67767999999995,18.73487,624.929644,6.693836,48.705,33.2376
1529.0,22.22866833333333,8.536495,648.7313216666666,2.6330783333333336,211.76846999999998,4.278185,47.47157000000001,18.228345,33.19592166666667,1.2608683333333335,131.33271,8.069108333333334,13.040445,20.059785,20.723143333333336,32.938539999999996,1160.6894833333333,63.03713666666667,136.287805,6.5333066666666655,72.90320666666666,14.186223333333336,1433.0142016666668,282.37145333333336,2117.46286,40.947965,48.923750000000005,33.43082386333334
1519.0,8.85532,6.039636,496.51508200000006,4.020736,92.61736600000002,5.228910000000001,21.100318,10.162248000000002,12.147904,0.695964,174.785554,3.158622,5.248264,10.99128,11.761738000000001,14.477896000000001,478.7393639999999,25.092427999999998,77.25226,3.217286,13.453273999999999,6.267174,612.690734,86.669912,1531.4018219999998,15.312753999999998,49.1025,33.589261363999995
1509.0,2.95841,5.1932925,238.2571425,0.5014149999999999,78.09617250000001,2.10988,11.6061475,7.91715,5.2917775,0.48786250000000003,25.5363,1.2901274999999999,5.166082500000001,5.3892275,5.4335475,12.288742500000001,567.601555,49.10361,94.7539925,1.72452,17.609865,6.587175,424.441195,30.3397825,731.9283725,7.955402500000001,49.24875,33.718642152499996
1499.0,14.304276666666667,6.697676666666667,480.81474000000003,0.9195716666666667,108.23053166666666,2.188501666666667,24.171813333333333,13.002998333333332,10.135860000000001,0.8090800000000001,55.29411166666667,3.692093333333333,11.45086,11.686546666666667,35.14149166666667,22.094698333333337,884.9366783333334,23.168711666666667,185.759365,3.6123800000000004,26.672708333333333,8.537643333333333,657.3891716666667,67.76111666666667,1377.750105,20.347759999999997,49.41125,33.86034722166667
1489.0,4.025624,4.2739840000000004,139.42947199999998,0.478012,33.04866,5.087059999999999,8.30313,8.481582,3.3745959999999995,0.294082,48.806431999999994,0.626236,2.265498,3.144126,4.744722,9.218119999999999,271.63163,5.469134,80.189076,1.437672,7.8582920000000005,5.9163380000000005,163.34868999999998,22.623734,1494.631264,2.7015540000000002,49.59,34.015925926
1479.0,4.485826,4.322712,82.49534,0.7278820000000001,29.162134000000002,8.849342000000002,4.39257,6.814212,3.35147,0.365312,67.237816,0.830402,3.3631539999999993,1.9249800000000001,3.958482,9.949805999999999,202.984748,8.884366,45.375198,0.6594920000000001,9.167268,5.956752000000001,139.08409799999998,29.214524,1185.028572,2.0460039999999995,49.75266666,34.157725584000005
1469.0,7.819389999999999,5.36465,801.1758566666667,0.5019033333333333,353.26015333333334,2.6709700000000005,8.418946666666667,19.78492,12.281493333333332,0.9067333333333334,29.382073333333334,2.672993333333333,15.460313333333332,2.7472766666666666,30.857439999999997,43.45903333333333,1765.8090166666668,121.93919666666666,41.03304333333333,1.55368,141.48244333333335,15.168026666666668,2493.0080000000003,109.69500000000001,1681.7095333333334,43.94318333333334,49.885,34.27636364
1459.0,4.2161800000000005,3.1888400000000003,486.2367133333334,0.33038000000000006,201.58471666666665,2.4703166666666667,7.618856666666667,13.01214,8.829180000000001,0.7766500000000001,14.687596666666666,2.1809933333333333,11.573569999999998,1.9850633333333334,12.917406666666666,35.117466666666665,962.52752,85.95917333333334,17.45958333333333,1.4446966666666665,69.59449666666667,7.555669999999999,1311.0837166666668,66.91063,1522.2606566666666,29.9892,49.98500000000001,34.36727273
1449.0,2.7176275,1.2830400000000002,112.9066175,0.5221600000000001,48.1797925,0.9630825000000001,5.797885,1.8952274999999998,3.335045,0.219765,38.739395,0.988715,1.4700775000000001,2.0300249999999997,1.1715575,10.811617499999999,198.56216999999998,4.049300000000001,33.8256675,0.8379975000000001,4.8315025,3.3028075,338.0440225,33.098015,469.130125,7.1082125,50.101666675,34.4733333425
1439.0,8.188136,4.601882,233.911436,6.24799,55.86136200000001,1.882172,14.928462,7.550721999999999,8.87414,0.476142,67.058874,2.608786,6.45973,6.623309999999999,5.795816,11.397485999999999,464.08289399999995,13.35302,170.393328,2.1187020000000003,19.694623999999997,6.931807999999999,359.41114400000004,42.153107999999996,1044.477444,11.800368,50.25166666,34.609696964
1429.0,22.294415,7.045395,490.03639,3.0682350000000005,103.2172975,1.840175,52.910267499999996,16.77563,18.2404275,0.98892,88.8309225,6.978832500000001,7.594217499999999,25.64828,79.2497525,24.0239275,1113.1550075,20.3537425,214.4096325,7.3704149999999995,30.212897499999997,14.796352500000001,650.6404125,209.20094500000002,2297.523915,30.324217500000003,50.401666675,34.7434444525
1419.0,15.30611333333333,4.8831999999999995,223.888615,1.9603366666666666,77.43437833333333,2.012465,17.355774999999998,7.0417983333333325,11.64457,0.5515433333333334,80.44700166666667,3.185191666666667,3.775036666666667,8.032770000000001,16.66949,22.64436166666667,415.4670816666666,17.528305,58.559553333333334,2.473533333333333,19.149979999999996,7.9807500000000005,498.34843333333333,184.24872000000002,980.1532266666667,13.721583333333333,50.568333333333335,34.887888888333336
1409.0,14.723535,6.265112500000001,369.414425,2.3363325,103.1000825,2.21768,26.9720525,11.01212,14.2207075,0.8050875,77.48682749999999,6.820055000000001,8.33353,12.319227499999998,149.85289249999997,22.1739675,697.3304725,40.154095,201.92929,3.8442300000000005,26.523015,10.498105,625.8308850000001,161.4336025,1484.7141725000001,23.7514575,50.735,35.032333335000004
1399.0,5.962846666666667,7.9919433333333325,250.83085666666668,1.1477866666666667,70.54543,1.6868833333333333,14.430876666666668,6.179353333333334,11.160413333333333,0.53083,41.73945,3.2414866666666664,3.5257066666666668,7.302413333333334,8.80507,10.055270000000002,392.77606999999995,11.049243333333335,45.94356333333334,2.3505033333333336,17.927643333333332,4.707783333333333,459.8153433333334,66.27821333333333,1136.8988566666667,11.280499999999998,50.85,35.13307692
1389.0,6.900787500000001,9.0450425,233.3164375,0.8869100000000001,50.1536475,1.2128325,28.189972499999996,9.70863,8.0206275,0.608495,33.1828575,2.2564825,4.7849575,13.213987499999998,7.649027500000001,10.08924,465.0235275,8.3979825,87.481535,4.1105475,10.23576,4.284165,297.9058,60.141797499999996,2200.4478599999998,11.11681,50.963750000000005,35.23370192
1379.0,2.4420720000000005,7.000523999999999,119.029042,1.006266,22.974806,1.703126,4.943456,3.3866820000000004,5.997590000000001,0.227882,27.923026000000004,0.8889319999999999,1.9883200000000003,2.4199919999999997,3.935398,6.54551,140.735294,7.926544,32.17625,0.769754,11.609542,2.859618,146.54164,70.019104,545.563466,3.6222760000000003,51.11,35.36307692
1369.0,1.81866,2.681035,256.0538975,0.2263625,116.08585,1.30091,2.354685,8.917169999999999,5.621824999999999,0.44240999999999997,7.850997500000001,1.2246525,3.9770225,0.5096125,21.41268,14.952214999999999,707.8197925,20.985907499999996,2.6553549999999997,0.4034225,15.4399225,6.4375800000000005,472.17320500000005,140.51093250000002,766.4696275,17.895465,51.25625,35.49245191999999
1359.0,0.958735,2.5480425,232.60778000000002,0.216575,88.23626000000002,1.5421425000000002,1.3197699999999999,8.079625,3.1826649999999996,0.3403575,11.936055000000001,0.6989825000000001,5.08008,0.478035,4.738035,12.8798475,550.864375,20.0376775,2.52392,0.21013500000000002,15.28714,4.6117175,397.36247249999997,53.03534,437.8597,11.2121625,51.386250000000004,35.607777775
1349.0,10.747686,5.6058900000000005,487.85465400000004,0.5367719999999999,125.27038,0.8693860000000001,33.20870599999999,20.18786,11.507016,0.8629960000000001,29.456648,4.314971999999999,7.761278,14.091145999999998,12.960172,18.938858,1130.0190539999999,21.943094,30.206616000000004,4.487214,27.211422000000006,9.131066,767.1851,117.177084,2152.682106,29.408043999999997,51.532500000000006,35.73777778
1339.0,20.2260025,10.36222,613.460235,1.5560124999999998,136.8141225,2.4761724999999997,51.6997425,17.333289999999998,18.8721075,1.348695,56.0157425,9.673372500000001,23.220102500000003,22.11757,15.4727625,20.9023075,1166.4917375,29.232675,216.6539325,7.71678,38.079615000000004,12.012867500000002,906.1763175,185.46681,3454.5942475,35.2329725,51.67875,35.867777775
1329.0,2.317405,10.23936,171.162475,12.921535,75.642965,1.26682,6.8278099999999995,4.61745,5.798585000000001,0.31715,46.970065,0.8402100000000001,13.891475,3.24027,9.54706,11.32131,433.32098999999994,15.983694999999999,40.684545,1.170785,12.97424,3.876345,373.04654,55.20478,595.684325,7.668955,51.8090909,35.983721579999994
1319.0,3.348285,8.828822500000001,233.98614750000002,1.247075,67.188445,2.5469899999999996,10.4854225,8.259625,6.502999999999999,0.4930975000000001,124.5582325,1.7048174999999999,4.045567500000001,4.8780725,38.739059999999995,12.64912,463.6168349999999,12.9289575,140.31301000000002,1.4802374999999999,83.30143,3.9876699999999996,328.28764500000005,29.8140675,897.1185800000001,7.481192499999999,51.907272725,36.0711647725
1309.0,3.270275,7.62074,196.592315,1.363645,56.971655,3.1862825000000004,8.6956325,6.7103425,4.587365,0.39197000000000004,43.348132500000006,1.3055124999999999,3.84721,3.573285,7.9195825,9.537625,388.81519000000003,13.686697500000001,91.7570625,1.246365,21.1444575,4.6513675,350.9461775,81.5230775,1019.180755,9.6829525,52.038181825,36.1877556875
1299.0,1.79456,6.716603333333334,87.85623,16.60181,28.011523333333333,1.3387799999999999,4.21603,5.511800000000001,3.379496666666667,0.3393466666666667,22.62585,0.9824466666666666,3.1485766666666666,1.9429333333333334,10.167430000000001,8.262086666666667,239.91548,15.07785,66.02338666666667,0.6933066666666666,16.03558,3.88476,164.62168333333332,101.90823333333333,439.7473066666667,3.36319,52.15272726666666,36.28977272
1289.0,2.10692,9.732943333333333,115.32188000000001,1.0350566666666667,29.12037666666667,1.4257466666666667,5.847803333333334,6.235320000000001,4.31256,0.36055,38.25163,0.8351833333333333,3.481363333333333,2.3182466666666666,6.07013,7.406359999999999,282.76848,7.229353333333333,90.61274666666668,0.8677433333333333,14.501786666666668,3.0710900000000003,170.38532,46.50522333333333,596.6278766666668,4.89614,52.2509091,36.37721592
1279.0,4.9380925,31.8192625,264.810575,6.5392925,73.23389749999998,2.25759,13.955545,9.3748325,8.8090525,0.62975,54.9840375,2.21863,8.86055,6.0206125,8.6150725,11.638475,661.2988975,17.48253,225.79187,2.06994,24.1236975,3.8771249999999995,396.5136075,58.857895,978.2889449999998,12.391695,52.36545455,36.479134814999995
1269.0,6.815027499999999,15.059257499999998,301.6799225,0.9488175,62.2527725,1.5960124999999998,15.5831275,8.9883825,9.706615000000001,0.65966,42.673610000000004,2.7783700000000002,5.543225,7.034949999999999,10.12017,12.0538375,586.2719325,56.403414999999995,94.97396,2.2838624999999997,25.4573975,5.6694225,434.7219375,72.12802500000001,1074.7630775,15.25241,52.496363625,36.5932231325
1259.0,1.3676233333333334,9.095183333333333,188.50193333333334,1.2426333333333333,22.79113,0.45308666666666664,5.246700000000001,3.7201299999999997,4.477626666666667,0.18595333333333333,20.151840000000004,0.7132299999999999,2.1434766666666665,2.20999,5.035149999999999,6.045016666666666,176.3704866666667,5.844793333333333,33.18887,0.7594066666666667,6.39605,3.3084666666666664,118.59473666666666,42.76683,617.8164266666666,2.4034666666666666,52.61090909999999,36.69214876666667
1249.0,0.87379,7.462305000000001,38.935610000000004,0.6632450000000001,11.850995000000001,4.8381725,3.0264375,4.71225,4.7848,0.16578749999999998,29.5303475,0.39249249999999997,0.8199075,1.3098875,4.1582,4.15907,94.6909275,3.5166225,29.1559475,0.4615174999999999,3.5618100000000004,2.83112,58.847735,17.3757325,515.1444925,0.8141875000000001,52.72545455,36.7910743825
1239.0,3.391623333333333,10.437983333333333,167.49947666666665,1.3721166666666669,36.42872,1.1380866666666667,6.608306666666667,4.532663333333334,7.3723633333333325,0.43989999999999996,113.78340333333334,1.5166533333333334,2.7756133333333337,3.6609300000000005,5.882396666666666,7.693829999999999,267.7074866666667,9.4,151.31274666666664,1.04752,13.87234,3.6383766666666673,215.64660666666666,46.030136666666664,463.76099999999997,6.177039999999999,52.840058633333335,36.89066881666667
1229.0,12.522240000000002,25.954173333333333,465.7380500000001,1.3022133333333334,167.51438666666664,2.5991433333333336,40.33775333333333,15.83236,16.338386666666665,0.9883700000000001,62.99031,4.384716666666667,13.684626666666668,18.880596666666666,15.38794,23.472530000000003,1029.16166,53.58671666666667,155.24491333333333,5.9849266666666665,60.225390000000004,6.99362,934.5277866666669,97.30066666666666,1695.6797433333334,30.015710000000002,52.938709700000004,36.98081292333333
1219.0,15.068723333333333,29.647090000000002,489.55884999999995,1.9055366666666664,148.15103,2.9814566666666664,37.24213,20.623266666666666,15.035986666666666,1.19709,139.79304,4.5432966666666665,23.629103333333333,16.594083333333334,11.37991,22.11819,1341.8827233333334,53.91121999999999,445.70730333333336,5.550393333333332,55.27992333333333,5.884133333333334,824.0256633333333,114.20288,2089.8088833333336,26.460040000000003,53.03741936666666,37.07162581666667
1209.0,6.2988675,18.3830575,190.01697000000001,1.4906424999999999,71.22503499999999,10.82298,18.00703,9.697322500000002,11.796700000000001,0.49112,280.3617825,2.521325,8.026975,7.550142500000001,6.880785000000001,11.876840000000001,467.766215,41.32933,232.760415,2.67238,14.745957500000001,4.2439425,376.41468499999996,85.1063175,1122.845895,12.421992499999998,53.15258065,37.1775742
1199.0,10.55339,15.004399999999999,305.39546666666666,1.04204,107.98269999999998,8.4563,17.84062666666667,9.57035,19.790156666666668,0.9723966666666666,472.13157,4.408026666666667,11.977866666666666,8.124833333333333,13.682033333333335,17.941176666666667,567.5120366666666,85.08968333333333,316.98031333333336,2.5820266666666667,31.285110000000003,6.1522499999999996,620.56778,202.76234333333332,1009.72842,20.244693333333334,53.26774193333333,37.28352257666666
1189.0,16.786633333333334,15.013643333333333,483.41003333333333,1.4379000000000002,165.32064,2.38717,31.151163333333333,15.79482,22.55574,1.3506266666666669,692.0093566666668,8.103869999999999,13.455403333333335,13.203616666666667,17.23156,23.349713333333337,884.4136566666666,41.40382666666667,1073.7886366666667,4.33294,45.21767333333333,7.592950000000001,970.9023833333334,186.66076,1679.4572366666669,31.745986666666667,53.3664516,37.37277335666666
1179.0,10.736323333333333,12.332446666666664,340.6145966666666,2.2964066666666665,113.43409666666666,11.269493333333331,22.8887,12.566086666666665,17.773456666666664,0.6996566666666667,879.6367066666667,4.348366666666667,21.079553333333333,10.471326666666668,13.858849999999999,17.966266666666666,615.9025033333334,94.4993,499.6446366666667,3.5247566666666668,25.389033333333334,5.199263333333334,638.7999366666668,139.75480666666667,1282.6183166666667,20.112363333333334,53.4651613,37.45831266333334
1169.0,4.52449,9.50311,115.71199999999999,0.8478833333333333,39.051359999999995,2.4669866666666667,8.21863,7.207983333333334,7.208396666666666,0.3540933333333333,142.52131,2.0287333333333333,4.057200000000001,3.944533333333333,6.05267,7.573246666666666,212.22640333333334,26.54713666666667,127.86047333333335,1.2655733333333332,10.72994,3.065936666666667,214.5937966666667,81.59161666666667,870.2100266666666,3.846603333333333,53.56387096666666,37.54373449
1159.0,3.44257,7.12405,127.78301,0.77998,37.55304,0.8466799999999999,7.827789999999999,6.93249,6.3007,0.44115,92.11746,0.99234,4.94299,3.3392199999999996,6.72663,6.75179,235.97167000000002,7.10095,77.71548,1.08213,18.16299,4.720280000000001,207.23657,49.69999,3562.88685,3.6331599999999997,53.6296774,37.60068237
1149.0,6.712386666666667,9.622843333333334,293.06332000000003,0.9760499999999999,103.89077333333334,2.0047833333333336,16.58628,11.750583333333333,9.38368,0.6368166666666667,59.43186,2.7795099999999997,12.496563333333333,8.027043333333333,10.872,15.670110000000001,707.9563966666668,47.328939999999996,288.3923233333333,2.3957833333333336,45.440536666666674,5.117343333333333,695.3535466666667,70.01972666666667,1176.7738666666667,13.722486666666667,53.69548386666668,37.65763027
1139.0,4.6772100000000005,7.1671,148.807525,0.892485,47.265585,0.9658900000000001,10.476385,7.962149999999999,10.910340000000001,0.366085,48.101935,1.50968,4.31583,4.6433,6.14387,9.304355000000001,288.74097,7.91085,114.150225,1.5932950000000001,13.97412,3.9788050000000004,294.44776,32.1529,1568.78366,6.284079999999999,53.777741899999995,37.728815104999995
1129.0,2.46053,26.347009999999997,154.07631999999998,0.7303,48.42394,9.060080000000001,9.01694,48.75977,11.52876,0.3512,50.1745,1.06794,4.281630000000001,4.13241,6.241140000000001,7.659680000000001,364.62307999999996,18.10046,261.61906,1.39642,21.87146,5.45186,282.36732,27.708890000000004,1557.0140900000001,5.30384,53.8270968,37.77152608
1119.0,3.02856,20.760533333333335,170.24657,1.2574766666666666,66.23735333333333,2.5422633333333335,8.951023333333334,10.561443333333333,16.25514,0.4112366666666667,124.50787333333331,1.14983,24.389116666666666,3.5125666666666664,7.5336533333333335,13.552913333333334,503.10743,39.29766,140.13876666666667,1.5086333333333333,26.51915,5.289773333333333,321.7255033333334,39.56894333333334,726.2923933333333,6.381793333333333,53.89242423333334,37.82888704333333
1109.0,6.68921,6.232735,247.7242,9.617145,70.88512,4.76582,16.22807,9.460325000000001,9.549619999999999,0.486205,66.68616,2.140295,5.05006,6.4234,8.951895,13.38242,492.24766,20.57329,95.45786000000001,2.13962,38.041895,6.28018,435.719715,77.75431,922.7374649999999,12.445135,53.973484850000006,37.901104685
1099.0,4.22397,16.47144,172.34716,1.6308433333333336,50.50052333333334,2.7240699999999998,8.967783333333333,7.646116666666667,11.70953,0.5847966666666666,112.93781333333334,1.8668466666666665,16.467643333333335,3.7490699999999997,5.475133333333333,10.763316666666666,419.2115866666666,29.020880000000002,191.1785133333333,1.2697866666666668,31.474986666666666,4.3715,230.5310466666667,22.2555,662.41071,6.47924,54.05454546666667,37.97332232333333
1089.0,1.9562,8.634450000000001,61.57122,9.36804,16.837595,1.034415,2.85682,1.424085,5.057110000000001,0.15434,180.48126,0.96279,4.089335,1.10618,3.9124350000000003,4.20017,98.39385999999999,6.57852,61.71549,0.354305,10.701335,4.91714,58.77553,18.012425,479.58369000000005,1.99587,54.13560605,38.045539935
1079.0,2.219105,8.1456,48.724495,0.77407,8.025295,3.333905,5.09348,1.49832,4.76075,0.21793500000000002,52.054204999999996,0.7401949999999999,1.4412600000000002,1.891155,2.8914100000000005,4.27427,91.91833,4.172,46.032095,0.9105099999999999,6.799635,4.776770000000001,42.186080000000004,19.418995000000002,1152.222425,3.46917,54.20045455,38.103314055
1069.0,5.24746,11.82874,151.36051,1.02424,35.541920000000005,2.9359599999999997,8.49066,7.9972199999999996,6.23514,0.40267,147.85136,1.9265299999999999,4.47958,3.80816,7.168830000000001,14.658179999999998,237.74227000000002,9.367189999999999,73.17796,1.21527,18.09741,3.33333,162.69171,42.66247,1197.0073300000001,8.18651,54.2490909,38.14664462
1059.0,2.4314133333333334,16.126223333333332,41.78841,1.3859866666666667,9.32613,1.9215999999999998,2.3867,3.73597,5.84592,0.11908666666666667,102.21816333333334,1.4496866666666666,2.1949666666666663,1.1791866666666666,3.53022,4.12644,85.26611333333334,13.289513333333334,94.58668,0.44155666666666665,7.211106666666667,3.4011666666666667,49.50941666666666,53.614403333333335,504.93522,3.439323333333333,54.3139394,38.20441873666667
1049.0,5.535135,24.872474999999998,273.796015,0.9840200000000001,58.04451,1.84579,10.429835,8.40805,7.347764999999999,0.563975,102.18172999999999,2.0334,5.465475,4.02748,7.43236,11.43116,429.23168499999997,17.46493,123.137395,1.392915,39.03841,5.16916,467.29834,38.346954999999994,1022.927115,11.34672,54.395,38.276644205
1039.0,6.267585,11.987355,198.53062,1.107015,51.926755,1.6300750000000002,7.931305,7.04774,7.827145000000001,0.490325,113.99183500000001,2.128425,5.451544999999999,4.264050000000001,7.865115,10.93476,297.606925,19.996299999999998,94.70222000000001,1.024145,34.137985,4.46617,378.832675,75.88745,917.94446,12.113195000000001,54.4598485,38.335055374999996
1029.0,10.2638,14.476615,510.11135,1.180335,137.17809,3.089295,21.498739999999998,11.30754,18.883885,0.86896,144.94620500000002,3.516555,9.472085,9.08273,19.558464999999998,24.574399999999997,816.7137299999999,29.850515,148.033325,2.89128,112.04848999999999,5.532114999999999,931.5865699999999,149.30719,1810.15861,23.01751,54.52469695,38.393668399999996
1019.0,5.002865,26.887035,136.290295,0.7271,38.689945,2.3510299999999997,12.694840000000001,13.81047,5.988855000000001,0.544505,56.647409999999994,1.7266549999999998,5.84623,6.50515,8.039855000000001,9.970035,356.64521,11.46481,175.12333999999998,2.054675,49.07399,4.10471,229.037665,44.064365,921.991055,10.384454999999999,54.58954545,38.452281465
1009.0,8.44863,20.18855,244.17227000000003,0.65091,45.85009,1.8003799999999999,15.16854,13.6685,14.08513,0.56485,39.25645,2.42801,5.21855,7.206919999999999,7.7899899999999995,9.88203,470.40132,17.98852,418.68207,2.25046,23.588639999999998,4.571269999999999,324.28732,127.56142,988.43252,14.76269,54.6381818,38.49624124
999.0,4.61685,31.340545000000002,148.41629,1.9324299999999999,27.46662,3.123245,6.42235,5.314965,10.605085,0.34571,404.587965,3.06607,7.1619150000000005,3.0787150000000003,10.30786,6.97733,243.270895,16.175185,795.6675399999999,1.01972,11.928864999999998,3.364275,139.00612,33.20199,587.52643,4.99385,54.6868182,38.540201065000005
989.0,16.16712,22.4185,461.91152,5.46765,133.85497,4.62822,32.71318,12.273010000000001,21.93447,1.13002,79.22075,7.10755,9.301810000000001,14.183110000000001,19.86838,24.40943,821.93961,70.53294,147.35312,4.328930000000001,44.77268,10.821819999999999,1015.01644,630.5344,1848.69077,36.27357,54.7354545,38.58416079999999
979.0,46.72687,29.94492,1325.95076,4.72644,581.74597,3.3332300000000004,97.94344,36.63803,40.042559999999995,2.66412,291.62209,18.18137,37.07208,44.75657,66.66339,72.49473,2611.88513,333.89453,230.7085,13.99761,184.45139,25.14434,4302.20752,434.87149000000005,4599.1546,105.40028999999998,54.76787879999999,38.61346738
969.0,54.999359999999996,32.49821,1482.887885,3.047565,648.22815,4.901155,118.35381000000001,36.136395,46.63925,3.2309449999999997,104.43535,20.516615,40.857635,56.325694999999996,60.721785,83.28567,2570.62248,307.27531500000003,114.187345,17.798569999999998,172.87102499999997,29.80108,4779.276295,677.086755,5821.550475,119.5523,54.81651515,38.657427155
959.0,73.956185,32.916489999999996,1762.518485,1.126775,684.045375,2.93608,156.746805,43.307100000000005,56.31402,3.9712500000000004,132.306395,25.54902,40.051655000000004,68.22538499999999,74.507575,102.89423,2847.3288900000002,150.513155,124.955295,21.295775,197.92559,44.72766,4924.67743,523.5275250000001,6877.65538,121.512935,54.88136365,38.71604022
949.0,39.57329,25.684379999999997,652.60208,18.97339,374.40794,1.83455,89.84549,24.33628,42.87899,5.21778,125.19038,19.58286,16.95736,51.84253,57.50634,67.57103000000001,1478.87737,33.979690000000005,84.79915,16.11562,43.79452,17.2074,2417.92725,677.89051,3392.01501,72.83368,54.93,38.76
939.0,61.59811,18.008905,1090.92067,1.400455,354.780625,3.95813,105.10805500000001,33.347004999999996,53.574955,3.8857850000000003,103.41183,28.857225,24.85427,47.293634999999995,78.18421,48.404700000000005,1892.0673450000002,119.06267500000001,100.07824,14.94987,99.989575,57.05347999999999,2807.519515,865.8406399999999,5145.60403,99.4468,54.9783621,38.80231684
929.0,289.10229499999997,55.91113,10950.813960000001,3.8189,1702.04018,19.130875000000003,427.31377,200.55642,364.26221499999997,29.079645,2245.0359900000003,121.77123499999999,2144.401495,189.25762500000002,440.827435,248.77697,6524.440689999999,4413.238004999999,314.81333500000005,59.602194999999995,469.194295,304.762815,10521.83193,5064.748585,17567.96665,460.721615,55.0428448,38.8587392
919.0,106.859145,30.476965,1608.08021,1.806735,525.317285,3.21969,192.035595,70.722945,94.537195,7.236830000000001,338.098295,38.881985,48.351225,91.07562,147.404585,90.82784,3409.23904,140.623495,348.96527,28.71484,117.55019,93.66377,3457.855205,1424.473665,6866.742085,185.373115,55.107327600000005,38.91516165
909.0,19.39116,13.240110000000001,320.40364,1.06511,170.93437,1.24405,52.41884,18.79063,10.50608,1.79007,65.86609,5.19195,11.23665,23.46451,23.68745,31.02464,764.6567299999999,10.0304,91.71844,7.445180000000001,12.86863,11.921710000000001,913.5115199999999,93.86445,2132.87623,28.72653,55.155689699999996,38.95747849
899.0,16.402735,10.19566,612.50205,0.68909,162.07199,3.8908050000000003,54.35508,17.641045000000002,13.515640000000001,1.832695,62.808045,4.92896,8.503315,54.73236,21.048299999999998,25.7367,809.3453750000001,8.800385,49.847085,13.776275,17.327965,11.112025,876.204405,149.74177500000002,1943.958,32.236825,55.2040517,38.99979524
889.0,6.8783650000000005,6.3041,158.176675,1.3678549999999998,95.737885,1.329205,18.8989,9.632105,10.59619,0.78022,128.61728499999998,2.79948,10.837325,8.644645,11.135200000000001,13.323630000000001,404.219775,15.938605,62.458110000000005,2.8481699999999996,8.78311,6.955500000000001,467.74284,133.318535,938.55515,11.442309999999999,55.2685345,39.05621769
879.0,11.5259,11.872393333333333,1559.9135866666668,6.782333333333334,397.5561066666667,12.752080000000001,20.04463,19.983733333333333,62.46795000000001,2.1847733333333337,1297.4590799999999,5.410146666666666,638.8016466666667,9.504483333333333,27.73288666666667,30.199496666666672,817.7979100000001,602.2301266666667,212.9765033333333,2.6340266666666667,101.81686,8.589243333333332,1153.4849900000002,455.99652999999995,1607.95892,23.031186666666667,55.34913793333333,39.12674569333333
869.0,3.488435,7.534425000000001,68.99395,0.558515,57.005375,1.772055,7.71113,14.925105,3.327055,0.32215,47.897999999999996,0.9092950000000001,3.678385,3.22281,5.485625,8.961435,195.469685,7.325290000000001,26.265565,1.147045,8.89085,6.687035,294.61526000000003,25.028925,726.20912,5.122685,55.429741400000005,39.19673727
859.0,7.205435,8.606349999999999,380.089935,3.144895,205.427155,9.471255000000001,7.577775,21.12852,65.29690500000001,1.40487,1418.61698,2.547065,664.92462,3.8806700000000003,22.71182,17.432695000000002,422.448515,638.802135,108.47509500000001,0.96616,24.644409999999997,8.711955,595.953395,163.50374499999998,1142.708655,8.64808,55.4942241,39.25140739
849.0,2.9893400000000003,8.51199,134.46227499999998,1.9925700000000002,51.786815000000004,0.82965,9.59912,10.55748,4.2994900000000005,0.28991,185.86684499999998,1.04792,5.99952,4.273245,6.066174999999999,8.26642,222.74404499999997,25.921265,55.228255000000004,1.3868999999999998,16.262159999999998,6.962540000000001,292.861695,24.90976,1150.2344950000002,2.9971050000000004,55.558706900000004,39.30607759
839.0,10.372069999999999,9.84315,293.68484,0.88774,119.47098000000001,2.02757,26.265079999999998,13.74731,32.442640000000004,0.90509,67.33624,4.628830000000001,12.112910000000001,11.22916,12.65887,17.45125,594.85925,40.4797,85.51124,3.64941,28.84715,7.8470699999999995,587.4134799999999,120.27621,1048.6874599999999,15.781579999999998,55.607068999999996,39.34708024
829.0,7.147239999999999,10.260635,219.33920999999998,2.8275449999999998,104.35466,2.9357949999999997,22.64383,24.993589999999998,32.997305,0.886895,245.32668999999999,3.62737,12.556080000000001,23.90322,8.535085,14.4625,521.235715,34.61335,296.40265,6.047269999999999,45.82329,6.557425,526.80291,51.655640000000005,1762.1006300000001,12.152165,55.655431,39.3880828
819.0,6.8221799999999995,7.15316,218.889505,1.014945,80.18446499999999,1.06807,15.564945,26.594215,8.765645,0.620915,49.077780000000004,2.5210150000000002,4.6585350000000005,6.172925,8.03013,13.208919999999999,444.63867500000003,14.72745,53.857755,2.640465,32.908135,6.993830000000001,436.60046,192.006665,980.306225,14.857009999999999,55.7199138,39.442752999999996
809.0,20.59229,10.86563,849.599105,3.171085,258.78328999999997,13.294005,55.05878,32.0711,31.821255,1.9727450000000002,827.9462500000001,10.10295,23.15324,22.902910000000002,28.54278,34.812015,1665.114405,120.79756,458.08737,7.347535,59.191615,16.791784999999997,1312.53136,394.80055999999996,2025.335285,51.974905,55.78439655,39.49742316
799.0,,,,,,,,,,,,,,,,,,,,,,,,,,,,
789.0,3.8977199999999996,5.9878,178.51662,2.09832,88.09475,3.85572,11.9815,11.22108,7.32338,0.42375,295.64875,2.05944,7.54475,5.2056,6.29568,10.502180000000001,448.35378,96.88899,176.58359,1.78477,4.4633,7.28529,405.09713999999997,41.73254,662.7096799999999,10.41515,55.89642859999999,39.59359696
779.0,9.580599999999999,5.345676666666667,296.02368666666666,0.9215300000000001,75.47793666666668,1.52411,32.303293333333336,15.893503333333333,12.056796666666669,1.1170566666666666,97.24445666666666,4.147906666666667,5.193833333333333,16.052113333333335,10.709676666666667,11.57587,580.0501033333334,12.276346666666667,70.80981666666666,5.337876666666667,18.42755,7.89412,423.62093000000004,86.69608333333333,4002.807156666667,13.265473333333334,55.9592857,39.64971938
769.0,11.744143333333334,8.241806666666667,342.42392,2.0915133333333333,108.95082666666667,6.822556666666667,27.396613333333335,14.098790000000001,15.189630000000001,0.96813,94.03833666666667,5.865663333333333,13.031166666666666,12.89745,11.532256666666667,16.851443333333332,798.4165266666668,41.780370000000005,198.15000333333333,4.0743133333333335,38.28572333333333,9.002113333333334,601.22639,124.11430000000001,1521.9115233333332,19.2732,56.05357143333333,39.733903070000004
759.0,3.607245,5.564134999999999,215.80438999999998,0.8117300000000001,41.51678,2.7713349999999997,12.393145,7.442925000000001,5.221685000000001,0.5406850000000001,51.802595,1.4874100000000001,3.89145,5.24004,6.227024999999999,8.38481,272.029525,41.05007,85.83484999999999,1.67326,12.152865,5.752165,185.198445,50.277105,804.1301450000001,5.128885,56.13214285,39.80405612
749.0,3.8152566666666665,4.142543333333333,82.62104333333333,2.912903333333333,37.020736666666664,1.6755266666666664,7.983266666666666,4.8716566666666665,4.872883333333333,0.4611433333333333,59.76797333333334,1.3490833333333334,3.631486666666666,3.1524466666666666,43.15430666666666,7.700336666666668,197.54684666666665,14.673319999999999,103.04933333333334,1.1134433333333333,12.629606666666666,4.84966,156.20812333333333,53.35894666666667,816.6768166666667,9.327443333333333,56.2107143,39.8742092
739.0,3.4070100000000005,3.5075350000000003,84.39321,0.686235,27.859115000000003,2.265935,10.834215,7.247275,5.237990000000001,0.42303999999999997,134.64598,1.4863899999999999,5.54631,4.3682,4.4854,7.0844000000000005,213.73827,13.650525000000002,83.652555,1.24159,8.92584,5.27563,131.96083,46.758345,825.8555200000001,3.72175,56.2892857,39.944362235
729.0,7.2408,6.29698,241.33951499999998,3.56214,65.927245,2.674835,18.87357,13.96523,8.824125,0.778475,63.8294,3.0296950000000002,22.908469999999998,8.920304999999999,8.821855,11.71125,533.719425,37.041844999999995,113.36579499999999,2.66911,39.685050000000004,5.903815,354.70491000000004,150.36562,1276.327465,11.068380000000001,56.35214285,40.00048468999999
719.0,6.7302566666666666,4.794443333333334,196.05173666666667,0.9520633333333334,61.20502333333334,2.1561233333333334,23.902706666666663,231.32183666666666,6.285106666666667,0.5129966666666667,59.52800666666667,3.3350733333333333,8.488896666666667,7.268346666666666,10.73603,12.039689999999998,762.83675,21.410296666666664,68.05984,2.7323366666666664,35.19258333333334,6.84,395.31438,48.357286666666674,1198.1409999999998,9.227453333333333,56.4307143,40.070716
709.0,46.62395,17.663719999999998,933.5595599999999,2.693375,212.10491,3.75359,109.832765,105.827815,48.66764,2.595635,202.05154,22.42121,26.8574,45.958045,29.688540000000003,34.434085,2119.33388,98.10196,431.328525,14.478465,68.949535,10.520620000000001,1268.15296,1033.5240099999999,3872.74687,83.74467,56.5092857,40.14135713
699.0,3.18591,10.145430000000001,213.19047,0.51307,94.06554,1.6982,19.15035,28.57712,8.196480000000001,0.62829,40.89418,1.0504200000000001,9.093010000000001,7.450239999999999,4.91528,13.30015,590.30489,13.56939,52.25582,2.52287,9.37607,5.81614,463.44605,27.475240000000003,749.18245,10.87704,56.56,40.18694915
689.0,7.583810000000001,8.04513,184.70355,0.82829,41.55883,3.0493900000000003,23.32089,24.67824,12.584060000000001,1.49834,80.83537,3.7278300000000004,5.8743,8.97365,11.135110000000001,11.74413,385.32788,22.628629999999998,155.99523,3.0160400000000003,18.58442,6.759589999999999,201.35195,139.20651,1340.35511,10.78192,56.595,40.21838983
679.0,14.660939999999998,11.733396666666666,703.0713299999999,2.6469533333333333,189.6137666666667,20.510923333333334,46.82676333333333,34.753006666666664,73.34798666666667,2.3547666666666665,933.3705899999999,5.788666666666667,554.36363,20.616956666666667,26.576013333333332,25.489786666666664,1040.3744533333336,516.1371166666667,240.36146333333332,5.986316666666667,57.05687,14.153289999999998,799.0537466666666,368.1816366666667,2078.5795566666666,26.036216666666665,56.665,40.281271186666665
669.0,19.21495,9.45477,518.70845,1.40163,193.28607,5.43455,55.74501,31.85946,17.168,1.42028,469.58628,6.5229800000000004,38.28083,22.193929999999998,21.98828,28.869359999999997,1278.65996,106.48308,337.94777,7.299989999999999,62.32221,12.29347,860.8311199999999,206.12378,2246.1747800000003,28.90245,56.735,40.34415254
659.0,11.75319,13.08042,459.15540999999996,1.16816,148.02437,4.15114,29.859820000000003,23.54704,20.66369,1.1175700000000002,1341.18423,7.6852800000000006,18.41339,12.43753,14.746879999999999,24.75965,1032.56105,57.635940000000005,852.04095,4.03645,92.88091999999999,8.41268,721.05174,104.38336,1969.04415,23.71066,56.77,40.37559322
649.0,16.453295,16.577275,471.70731,1.2950400000000002,161.17225,3.7990649999999997,43.023084999999995,28.217335,19.18931,1.617305,140.068885,7.391005000000001,21.208485,19.62779,16.916275,30.75437,1475.3876599999999,75.57262,322.18562499999996,5.9175,80.49731,8.8894,810.2834049999999,230.79485,2630.73198,27.953380000000003,56.822500000000005,40.422754239999996
639.0,16.94991,12.80688,564.40932,2.61495,245.21802999999997,3.9920699999999996,35.486290000000004,25.45719,25.85913,1.41218,379.98155,8.00487,18.43167,15.10829,28.99592,40.24497,1310.9193,132.75007,1442.7292400000001,4.86503,116.63576,9.4625,1523.7650199999998,159.79572,1961.7064300000002,34.61688,56.875,40.46991525
629.0,18.99514,9.63487,472.14484500000003,4.84037,183.84711500000003,14.37884,43.077765,20.13404,23.995804999999997,1.3081,194.64635499999997,9.745545,25.297925,23.325635000000002,23.330675,31.210395,1029.0053050000001,85.090215,277.51396,6.9824399999999995,78.42889,11.303085,1259.7323999999999,204.13308,1951.300255,31.647855000000003,56.927499999999995,40.517076270000004
619.0,34.946794999999995,10.454895,672.33008,4.459525,269.891215,2.62936,80.47673,25.787735,30.765300000000003,2.25489,317.598975,13.696660000000001,15.46408,33.14426,41.912735,45.622119999999995,1444.8719299999998,116.638545,166.364505,10.34343,104.421855,18.32372,2249.0607999999997,460.343975,3215.8535699999998,52.811205,56.9975,40.579957629999996
609.0,22.62572,9.519445000000001,606.90525,15.390064999999998,221.967715,2.27746,77.86570499999999,20.14512,19.420099999999998,2.08056,130.13319,8.2486,15.05856,35.60337,26.629435,34.775345,1159.97543,62.259775000000005,83.604485,11.266,72.31182,14.38127,1470.031085,209.62385,3290.9450050000005,38.0012,57.067499999999995,40.64283898
599.0,21.11124,8.56316,480.56267,5.01001,173.6063,3.98072,82.80123,25.95974,31.120140000000003,2.31771,200.86501,13.691670000000002,11.51792,37.8537,23.426920000000003,29.393729999999998,1086.26462,42.09997,108.59213999999999,11.47542,49.47433,13.34888,1028.01961,209.61918,3280.48017,36.926320000000004,57.12,40.69
589.0,,,,,,,,,,,,,,,,,,,,,,,,,,,,
579.0,,,,,,,,,,,,,,,,,,,,,,,,,,,,
569.0,,,,,,,,,,,,,,,,,,,,,,,,,,,,
559.0,,,,,,,,,,,,,,,,,,,,,,,,,,,,
549.0,,,,,,,,,,,,,,,,,,,,,,,,,,,,
539.0,,,,,,,,,,,,,,,,,,,,,,,,,,,,
